{"cameraMode":{"drawMode":0,"name":"Shaded","section":"Shading Mode"},"sceneLighting":true,"audioPlay":false,"sceneViewState":{"m_AlwaysRefresh":false,"showFog":true,"showSkybox":true,"showFlares":true,"showImageEffects":true,"showParticleSystems":true,"showVisualEffectGraphs":true,"m_FxEnabled":true},"in2DMode":false,"pivot":{"x":-4.646378993988037,"y":0.10521697998046875,"z":-2.9023919105529787},"rotation":{"x":0.13776761293411256,"y":-0.8482764959335327,"z":0.2685588002204895,"w":0.43516385555267336},"size":3.380679130554199,"orthographic":false}